id,type,fedWith,weight,offset
urn:ngsi-ld:Animal:cow001,Animal,Grass,656,-24
urn:ngsi-ld:Animal:cow001,Animal,Grass,664,-23
urn:ngsi-ld:Animal:cow001,Animal,Hay,666,-22
urn:ngsi-ld:Animal:cow001,Animal,Hay,666,-21
urn:ngsi-ld:Animal:cow001,Animal,Oats,673,-20
urn:ngsi-ld:Animal:cow001,Animal,Hay,674,-19
urn:ngsi-ld:Animal:cow001,Animal,Hay,680,-18
urn:ngsi-ld:Animal:cow001,Animal,Grass,687,-17
urn:ngsi-ld:Animal:cow001,Animal,Grass,698,-16
urn:ngsi-ld:Animal:cow001,Animal,Grass,704,-15
urn:ngsi-ld:Animal:cow001,Animal,Grass,702,-14
urn:ngsi-ld:Animal:cow001,Animal,Grass,713,-13
urn:ngsi-ld:Animal:cow001,Animal,Grass,719,-12
urn:ngsi-ld:Animal:cow001,Animal,Grass,724,-11
urn:ngsi-ld:Animal:cow001,Animal,Hay,723,-10
urn:ngsi-ld:Animal:cow001,Animal,Hay,727,-9
urn:ngsi-ld:Animal:cow001,Animal,Oats,732,-8
urn:ngsi-ld:Animal:cow001,Animal,Hay,723,-7
urn:ngsi-ld:Animal:cow001,Animal,Hay,728,-6
urn:ngsi-ld:Animal:cow001,Animal,Grass,732,-5
urn:ngsi-ld:Animal:cow001,Animal,Grass,741,-4
urn:ngsi-ld:Animal:cow001,Animal,Grass,745,-3
urn:ngsi-ld:Animal:cow001,Animal,Grass,748,-2
urn:ngsi-ld:Animal:cow001,Animal,Grass,750,-1
urn:ngsi-ld:Animal:cow002,Animal,Grass,314,-24
urn:ngsi-ld:Animal:cow002,Animal,Grass,319,-23
urn:ngsi-ld:Animal:cow002,Animal,Hay,322,-22
urn:ngsi-ld:Animal:cow002,Animal,Hay,320,-21
urn:ngsi-ld:Animal:cow002,Animal,Oats,324,-20
urn:ngsi-ld:Animal:cow002,Animal,Hay,326,-19
urn:ngsi-ld:Animal:cow002,Animal,Hay,331,-18
urn:ngsi-ld:Animal:cow002,Animal,Grass,335,-17
urn:ngsi-ld:Animal:cow002,Animal,Grass,342,-16
urn:ngsi-ld:Animal:cow002,Animal,Grass,346,-15
urn:ngsi-ld:Animal:cow002,Animal,Grass,343,-14
urn:ngsi-ld:Animal:cow002,Animal,Grass,349,-13
urn:ngsi-ld:Animal:cow002,Animal,Grass,353,-12
urn:ngsi-ld:Animal:cow002,Animal,Grass,356,-11
urn:ngsi-ld:Animal:cow002,Animal,Hay,356,-10
urn:ngsi-ld:Animal:cow002,Animal,Hay,360,-9
urn:ngsi-ld:Animal:cow002,Animal,Oats,363,-8
urn:ngsi-ld:Animal:cow002,Animal,Hay,356,-7
urn:ngsi-ld:Animal:cow002,Animal,Hay,359,-6
urn:ngsi-ld:Animal:cow002,Animal,Grass,361,-5
urn:ngsi-ld:Animal:cow002,Animal,Grass,367,-4
urn:ngsi-ld:Animal:cow002,Animal,Grass,369,-3
urn:ngsi-ld:Animal:cow002,Animal,Grass,371,-2
urn:ngsi-ld:Animal:cow002,Animal,Grass,372,-1
urn:ngsi-ld:Animal:cow003,Animal,Grass,399,-24
urn:ngsi-ld:Animal:cow003,Animal,Grass,401,-23
urn:ngsi-ld:Animal:cow003,Animal,Hay,399,-22
urn:ngsi-ld:Animal:cow003,Animal,Hay,394,-21
urn:ngsi-ld:Animal:cow003,Animal,Oats,395,-20
urn:ngsi-ld:Animal:cow003,Animal,Hay,394,-19
urn:ngsi-ld:Animal:cow003,Animal,Hay,395,-18
urn:ngsi-ld:Animal:cow003,Animal,Grass,397,-17
urn:ngsi-ld:Animal:cow003,Animal,Grass,401,-16
urn:ngsi-ld:Animal:cow003,Animal,Grass,403,-15
urn:ngsi-ld:Animal:cow003,Animal,Grass,397,-14
urn:ngsi-ld:Animal:cow003,Animal,Grass,402,-13
urn:ngsi-ld:Animal:cow003,Animal,Grass,403,-12
urn:ngsi-ld:Animal:cow003,Animal,Grass,404,-11
urn:ngsi-ld:Animal:cow003,Animal,Hay,402,-10
urn:ngsi-ld:Animal:cow003,Animal,Hay,404,-9
urn:ngsi-ld:Animal:cow003,Animal,Oats,405,-8
urn:ngsi-ld:Animal:cow003,Animal,Hay,396,-7
urn:ngsi-ld:Animal:cow003,Animal,Hay,397,-6
urn:ngsi-ld:Animal:cow003,Animal,Grass,399,-5
urn:ngsi-ld:Animal:cow003,Animal,Grass,403,-4
urn:ngsi-ld:Animal:cow003,Animal,Grass,404,-3
urn:ngsi-ld:Animal:cow003,Animal,Grass,404,-2
urn:ngsi-ld:Animal:cow003,Animal,Grass,404,-1
urn:ngsi-ld:Animal:cow004,Animal,Grass,348,-24
urn:ngsi-ld:Animal:cow004,Animal,Grass,345,-23
urn:ngsi-ld:Animal:cow004,Animal,Hay,342,-22
urn:ngsi-ld:Animal:cow004,Animal,Hay,349,-21
urn:ngsi-ld:Animal:cow004,Animal,Oats,352,-20
urn:ngsi-ld:Animal:cow004,Animal,Hay,350,-19
urn:ngsi-ld:Animal:cow004,Animal,Hay,346,-18
urn:ngsi-ld:Animal:cow004,Animal,Grass,355,-17
urn:ngsi-ld:Animal:cow004,Animal,Grass,352,-16
urn:ngsi-ld:Animal:cow004,Animal,Grass,347,-15
urn:ngsi-ld:Animal:cow004,Animal,Grass,356,-14
urn:ngsi-ld:Animal:cow004,Animal,Grass,357,-13
urn:ngsi-ld:Animal:cow004,Animal,Grass,352,-12
urn:ngsi-ld:Animal:cow004,Animal,Grass,348,-11
urn:ngsi-ld:Animal:cow004,Animal,Hay,348,-10
urn:ngsi-ld:Animal:cow004,Animal,Hay,359,-9
urn:ngsi-ld:Animal:cow004,Animal,Oats,358,-8
urn:ngsi-ld:Animal:cow004,Animal,Hay,349,-7
urn:ngsi-ld:Animal:cow004,Animal,Hay,356,-6
urn:ngsi-ld:Animal:cow004,Animal,Grass,359,-5
urn:ngsi-ld:Animal:cow004,Animal,Grass,352,-4
urn:ngsi-ld:Animal:cow004,Animal,Grass,353,-3
urn:ngsi-ld:Animal:cow004,Animal,Grass,362,-2
urn:ngsi-ld:Animal:cow004,Animal,Grass,359,-1
urn:ngsi-ld:Animal:cow006,Animal,Grass,435,-24
urn:ngsi-ld:Animal:cow006,Animal,Grass,436,-23
urn:ngsi-ld:Animal:cow006,Animal,Oats,434,-22
urn:ngsi-ld:Animal:cow006,Animal,Oats,428,-21
urn:ngsi-ld:Animal:cow006,Animal,Oats,430,-20
urn:ngsi-ld:Animal:cow006,Animal,Oats,427,-19
urn:ngsi-ld:Animal:cow006,Animal,Oats,429,-18
urn:ngsi-ld:Animal:cow006,Animal,Grass,430,-17
urn:ngsi-ld:Animal:cow006,Animal,Grass,434,-16
urn:ngsi-ld:Animal:cow006,Animal,Grass,435,-15
urn:ngsi-ld:Animal:cow006,Animal,Grass,430,-14
urn:ngsi-ld:Animal:cow006,Animal,Grass,434,-13
urn:ngsi-ld:Animal:cow006,Animal,Grass,435,-12
urn:ngsi-ld:Animal:cow006,Animal,Grass,436,-11
urn:ngsi-ld:Animal:cow006,Animal,Oats,434,-10
urn:ngsi-ld:Animal:cow006,Animal,Oats,435,-9
urn:ngsi-ld:Animal:cow006,Animal,Oats,436,-8
urn:ngsi-ld:Animal:cow006,Animal,Oats,427,-7
urn:ngsi-ld:Animal:cow006,Animal,Oats,428,-6
urn:ngsi-ld:Animal:cow006,Animal,Grass,429,-5
urn:ngsi-ld:Animal:cow006,Animal,Grass,434,-4
urn:ngsi-ld:Animal:cow006,Animal,Grass,434,-3
urn:ngsi-ld:Animal:cow006,Animal,Grass,435,-2
urn:ngsi-ld:Animal:cow006,Animal,Grass,434,-1
urn:ngsi-ld:Animal:cow010,Animal,Grass,331,-24
urn:ngsi-ld:Animal:cow010,Animal,Grass,335,-23
urn:ngsi-ld:Animal:cow010,Animal,Hay,341,-22
urn:ngsi-ld:Animal:cow010,Animal,Hay,345,-21
urn:ngsi-ld:Animal:cow010,Animal,Oats,348,-20
urn:ngsi-ld:Animal:cow010,Animal,Hay,355,-19
urn:ngsi-ld:Animal:cow010,Animal,Hay,358,-18
urn:ngsi-ld:Animal:cow010,Animal,Grass,361,-17
urn:ngsi-ld:Animal:cow010,Animal,Grass,368,-16
urn:ngsi-ld:Animal:cow010,Animal,Grass,371,-15
urn:ngsi-ld:Animal:cow010,Animal,Grass,373,-14
urn:ngsi-ld:Animal:cow010,Animal,Grass,379,-13
urn:ngsi-ld:Animal:cow010,Animal,Grass,381,-12
urn:ngsi-ld:Animal:cow010,Animal,Grass,385,-11
urn:ngsi-ld:Animal:cow010,Animal,Hay,392,-10
urn:ngsi-ld:Animal:cow010,Animal,Hay,393,-9
urn:ngsi-ld:Animal:cow010,Animal,Oats,394,-8
urn:ngsi-ld:Animal:cow010,Animal,Hay,384,-7
urn:ngsi-ld:Animal:cow010,Animal,Hay,368,-6
urn:ngsi-ld:Animal:cow010,Animal,Grass,352,-5
urn:ngsi-ld:Animal:cow010,Animal,Grass,342,-4
urn:ngsi-ld:Animal:cow010,Animal,Grass,332,-3
urn:ngsi-ld:Animal:cow010,Animal,Grass,322,-2
urn:ngsi-ld:Animal:cow010,Animal,Grass,316,-1
urn:ngsi-ld:Animal:cow009,Animal,Grass,396,-24
urn:ngsi-ld:Animal:cow009,Animal,Grass,399,-23
urn:ngsi-ld:Animal:cow009,Animal,Hay,398,-22
urn:ngsi-ld:Animal:cow009,Animal,Hay,393,-21
urn:ngsi-ld:Animal:cow009,Animal,Oats,395,-20
urn:ngsi-ld:Animal:cow009,Animal,Hay,394,-19
urn:ngsi-ld:Animal:cow009,Animal,Hay,396,-18
urn:ngsi-ld:Animal:cow009,Animal,Grass,398,-17
urn:ngsi-ld:Animal:cow009,Animal,Grass,403,-16
urn:ngsi-ld:Animal:cow009,Animal,Grass,405,-15
urn:ngsi-ld:Animal:cow009,Animal,Grass,400,-14
urn:ngsi-ld:Animal:cow009,Animal,Grass,405,-13
urn:ngsi-ld:Animal:cow009,Animal,Grass,407,-12
urn:ngsi-ld:Animal:cow009,Animal,Grass,408,-11
urn:ngsi-ld:Animal:cow009,Animal,Hay,407,-10
urn:ngsi-ld:Animal:cow009,Animal,Hay,408,-9
urn:ngsi-ld:Animal:cow009,Animal,Oats,410,-8
urn:ngsi-ld:Animal:cow009,Animal,Hay,401,-7
urn:ngsi-ld:Animal:cow009,Animal,Hay,403,-6
urn:ngsi-ld:Animal:cow009,Animal,Grass,404,-5
urn:ngsi-ld:Animal:cow009,Animal,Grass,409,-4
urn:ngsi-ld:Animal:cow009,Animal,Grass,410,-3
urn:ngsi-ld:Animal:cow009,Animal,Grass,411,-2
urn:ngsi-ld:Animal:cow009,Animal,Grass,411,-1
urn:ngsi-ld:Animal:cow008,Animal,Grass,355,-24
urn:ngsi-ld:Animal:cow008,Animal,Grass,361,-23
urn:ngsi-ld:Animal:cow008,Animal,Hay,365,-22
urn:ngsi-ld:Animal:cow008,Animal,Hay,364,-21
urn:ngsi-ld:Animal:cow008,Animal,Oats,370,-20
urn:ngsi-ld:Animal:cow008,Animal,Hay,372,-19
urn:ngsi-ld:Animal:cow008,Animal,Hay,378,-18
urn:ngsi-ld:Animal:cow008,Animal,Grass,383,-17
urn:ngsi-ld:Animal:cow008,Animal,Grass,391,-16
urn:ngsi-ld:Animal:cow008,Animal,Grass,395,-15
urn:ngsi-ld:Animal:cow008,Animal,Grass,393,-14
urn:ngsi-ld:Animal:cow008,Animal,Grass,401,-13
urn:ngsi-ld:Animal:cow008,Animal,Grass,405,-12
urn:ngsi-ld:Animal:cow008,Animal,Grass,409,-11
urn:ngsi-ld:Animal:cow008,Animal,Hay,410,-10
urn:ngsi-ld:Animal:cow008,Animal,Hay,413,-9
urn:ngsi-ld:Animal:cow008,Animal,Oats,417,-8
urn:ngsi-ld:Animal:cow008,Animal,Hay,410,-7
urn:ngsi-ld:Animal:cow008,Animal,Hay,414,-6
urn:ngsi-ld:Animal:cow008,Animal,Grass,417,-5
urn:ngsi-ld:Animal:cow008,Animal,Grass,423,-4
urn:ngsi-ld:Animal:cow008,Animal,Grass,426,-3
urn:ngsi-ld:Animal:cow008,Animal,Grass,428,-2
urn:ngsi-ld:Animal:cow008,Animal,Grass,429,-1
urn:ngsi-ld:Animal:cow007,Animal,Grass,395,-24
urn:ngsi-ld:Animal:cow007,Animal,Grass,402,-23
urn:ngsi-ld:Animal:cow007,Animal,Hay,406,-22
urn:ngsi-ld:Animal:cow007,Animal,Hay,406,-21
urn:ngsi-ld:Animal:cow007,Animal,Oats,412,-20
urn:ngsi-ld:Animal:cow007,Animal,Hay,415,-19
urn:ngsi-ld:Animal:cow007,Animal,Hay,421,-18
urn:ngsi-ld:Animal:cow007,Animal,Grass,426,-17
urn:ngsi-ld:Animal:cow007,Animal,Grass,435,-16
urn:ngsi-ld:Animal:cow007,Animal,Grass,440,-15
urn:ngsi-ld:Animal:cow007,Animal,Grass,438,-14
urn:ngsi-ld:Animal:cow007,Animal,Grass,446,-13
urn:ngsi-ld:Animal:cow007,Animal,Grass,451,-12
urn:ngsi-ld:Animal:cow007,Animal,Grass,456,-11
urn:ngsi-ld:Animal:cow007,Animal,Hay,456,-10
urn:ngsi-ld:Animal:cow007,Animal,Hay,460,-9
urn:ngsi-ld:Animal:cow007,Animal,Oats,464,-8
urn:ngsi-ld:Animal:cow007,Animal,Hay,457,-7
urn:ngsi-ld:Animal:cow007,Animal,Hay,461,-6
urn:ngsi-ld:Animal:cow007,Animal,Grass,464,-5
urn:ngsi-ld:Animal:cow007,Animal,Grass,472,-4
urn:ngsi-ld:Animal:cow007,Animal,Grass,474,-3
urn:ngsi-ld:Animal:cow007,Animal,Grass,477,-2
urn:ngsi-ld:Animal:cow007,Animal,Grass,478,-1
urn:ngsi-ld:Animal:cow005,Animal,Grass,416,-24
urn:ngsi-ld:Animal:cow005,Animal,Grass,416,-23
urn:ngsi-ld:Animal:cow005,Animal,Hay,410,-22
urn:ngsi-ld:Animal:cow005,Animal,Hay,416,-21
urn:ngsi-ld:Animal:cow005,Animal,Oats,412,-20
urn:ngsi-ld:Animal:cow005,Animal,Hay,410,-19
urn:ngsi-ld:Animal:cow005,Animal,Hay,412,-18
urn:ngsi-ld:Animal:cow005,Animal,Grass,417,-17
urn:ngsi-ld:Animal:cow005,Animal,Grass,412,-16
urn:ngsi-ld:Animal:cow005,Animal,Grass,414,-15
urn:ngsi-ld:Animal:cow005,Animal,Grass,420,-14
urn:ngsi-ld:Animal:cow005,Animal,Grass,423,-13
urn:ngsi-ld:Animal:cow005,Animal,Grass,416,-12
urn:ngsi-ld:Animal:cow005,Animal,Grass,416,-11
urn:ngsi-ld:Animal:cow005,Animal,Hay,414,-10
urn:ngsi-ld:Animal:cow005,Animal,Hay,426,-9
urn:ngsi-ld:Animal:cow005,Animal,Oats,424,-8
urn:ngsi-ld:Animal:cow005,Animal,Hay,420,-7
urn:ngsi-ld:Animal:cow005,Animal,Hay,422,-6
urn:ngsi-ld:Animal:cow005,Animal,Grass,428,-5
urn:ngsi-ld:Animal:cow005,Animal,Grass,422,-4
urn:ngsi-ld:Animal:cow005,Animal,Grass,419,-3
urn:ngsi-ld:Animal:cow005,Animal,Grass,422,-2
urn:ngsi-ld:Animal:cow005,Animal,Grass,423,-1
urn:ngsi-ld:Animal:cow011,Animal,Grass,488,-24
urn:ngsi-ld:Animal:cow011,Animal,Grass,489,-23
urn:ngsi-ld:Animal:cow011,Animal,Hay,487,-22
urn:ngsi-ld:Animal:cow011,Animal,Hay,481,-21
urn:ngsi-ld:Animal:cow011,Animal,Oats,483,-20
urn:ngsi-ld:Animal:cow011,Animal,Hay,480,-19
urn:ngsi-ld:Animal:cow011,Animal,Hay,482,-18
urn:ngsi-ld:Animal:cow011,Animal,Grass,483,-17
urn:ngsi-ld:Animal:cow011,Animal,Grass,488,-16
urn:ngsi-ld:Animal:cow011,Animal,Grass,490,-15
urn:ngsi-ld:Animal:cow011,Animal,Grass,484,-14
urn:ngsi-ld:Animal:cow011,Animal,Grass,489,-13
urn:ngsi-ld:Animal:cow011,Animal,Grass,490,-12
urn:ngsi-ld:Animal:cow011,Animal,Grass,492,-11
urn:ngsi-ld:Animal:cow011,Animal,Hay,489,-10
urn:ngsi-ld:Animal:cow011,Animal,Hay,490,-9
urn:ngsi-ld:Animal:cow011,Animal,Oats,492,-8
urn:ngsi-ld:Animal:cow011,Animal,Hay,482,-7
urn:ngsi-ld:Animal:cow011,Animal,Hay,483,-6
urn:ngsi-ld:Animal:cow011,Animal,Grass,484,-5
urn:ngsi-ld:Animal:cow011,Animal,Grass,489,-4
urn:ngsi-ld:Animal:cow011,Animal,Grass,490,-3
urn:ngsi-ld:Animal:cow011,Animal,Grass,490,-2
urn:ngsi-ld:Animal:cow011,Animal,Grass,490,-1
urn:ngsi-ld:Animal:cow012,Animal,Grass,384,-24
urn:ngsi-ld:Animal:cow012,Animal,Grass,380,-23
urn:ngsi-ld:Animal:cow012,Animal,Hay,378,-22
urn:ngsi-ld:Animal:cow012,Animal,Hay,387,-21
urn:ngsi-ld:Animal:cow012,Animal,Oats,380,-20
urn:ngsi-ld:Animal:cow012,Animal,Hay,389,-19
urn:ngsi-ld:Animal:cow012,Animal,Hay,384,-18
urn:ngsi-ld:Animal:cow012,Animal,Grass,382,-17
urn:ngsi-ld:Animal:cow012,Animal,Grass,386,-16
urn:ngsi-ld:Animal:cow012,Animal,Grass,391,-15
urn:ngsi-ld:Animal:cow012,Animal,Grass,382,-14
urn:ngsi-ld:Animal:cow012,Animal,Grass,393,-13
urn:ngsi-ld:Animal:cow012,Animal,Grass,388,-12
urn:ngsi-ld:Animal:cow012,Animal,Grass,391,-11
urn:ngsi-ld:Animal:cow012,Animal,Hay,388,-10
urn:ngsi-ld:Animal:cow012,Animal,Hay,393,-9
urn:ngsi-ld:Animal:cow012,Animal,Oats,388,-8
urn:ngsi-ld:Animal:cow012,Animal,Hay,396,-7
urn:ngsi-ld:Animal:cow012,Animal,Hay,396,-6
urn:ngsi-ld:Animal:cow012,Animal,Grass,388,-5
urn:ngsi-ld:Animal:cow012,Animal,Grass,398,-4
urn:ngsi-ld:Animal:cow012,Animal,Grass,394,-3
urn:ngsi-ld:Animal:cow012,Animal,Grass,390,-2
urn:ngsi-ld:Animal:cow012,Animal,Grass,392,-1
urn:ngsi-ld:Animal:cow019,Animal,Grass,378,-24
urn:ngsi-ld:Animal:cow019,Animal,Grass,375,-23
urn:ngsi-ld:Animal:cow019,Animal,Hay,384,-22
urn:ngsi-ld:Animal:cow019,Animal,Oats,381,-21
urn:ngsi-ld:Animal:cow019,Animal,Oats,388,-20
urn:ngsi-ld:Animal:cow019,Animal,Hay,388,-19
urn:ngsi-ld:Animal:cow019,Animal,Oats,382,-18
urn:ngsi-ld:Animal:cow019,Animal,Grass,387,-17
urn:ngsi-ld:Animal:cow019,Animal,Grass,384,-16
urn:ngsi-ld:Animal:cow019,Animal,Grass,387,-15
urn:ngsi-ld:Animal:cow019,Animal,Grass,388,-14
urn:ngsi-ld:Animal:cow019,Animal,Grass,392,-13
urn:ngsi-ld:Animal:cow019,Animal,Grass,384,-12
urn:ngsi-ld:Animal:cow019,Animal,Grass,384,-11
urn:ngsi-ld:Animal:cow019,Animal,Hay,394,-10
urn:ngsi-ld:Animal:cow019,Animal,Oats,393,-9
urn:ngsi-ld:Animal:cow019,Animal,Oats,382,-8
urn:ngsi-ld:Animal:cow019,Animal,Hay,385,-7
urn:ngsi-ld:Animal:cow019,Animal,Oats,388,-6
urn:ngsi-ld:Animal:cow019,Animal,Grass,385,-5
urn:ngsi-ld:Animal:cow019,Animal,Grass,390,-4
urn:ngsi-ld:Animal:cow019,Animal,Grass,394,-3
urn:ngsi-ld:Animal:cow019,Animal,Grass,392,-2
urn:ngsi-ld:Animal:cow019,Animal,Grass,394,-1
urn:ngsi-ld:Animal:cow018,Animal,Grass,336,-24
urn:ngsi-ld:Animal:cow018,Animal,Grass,342,-23
urn:ngsi-ld:Animal:cow018,Animal,Hay,344,-22
urn:ngsi-ld:Animal:cow018,Animal,Hay,343,-21
urn:ngsi-ld:Animal:cow018,Animal,Oats,348,-20
urn:ngsi-ld:Animal:cow018,Animal,Hay,350,-19
urn:ngsi-ld:Animal:cow018,Animal,Hay,354,-18
urn:ngsi-ld:Animal:cow018,Animal,Grass,359,-17
urn:ngsi-ld:Animal:cow018,Animal,Grass,366,-16
urn:ngsi-ld:Animal:cow018,Animal,Grass,370,-15
urn:ngsi-ld:Animal:cow018,Animal,Grass,367,-14
urn:ngsi-ld:Animal:cow018,Animal,Grass,374,-13
urn:ngsi-ld:Animal:cow018,Animal,Grass,377,-12
urn:ngsi-ld:Animal:cow018,Animal,Grass,381,-11
urn:ngsi-ld:Animal:cow018,Animal,Hay,381,-10
urn:ngsi-ld:Animal:cow018,Animal,Hay,385,-9
urn:ngsi-ld:Animal:cow018,Animal,Oats,388,-8
urn:ngsi-ld:Animal:cow018,Animal,Hay,381,-7
urn:ngsi-ld:Animal:cow018,Animal,Hay,384,-6
urn:ngsi-ld:Animal:cow018,Animal,Grass,387,-5
urn:ngsi-ld:Animal:cow018,Animal,Grass,393,-4
urn:ngsi-ld:Animal:cow018,Animal,Grass,395,-3
urn:ngsi-ld:Animal:cow018,Animal,Grass,397,-2
urn:ngsi-ld:Animal:cow018,Animal,Grass,398,-1
urn:ngsi-ld:Animal:cow017,Animal,Milk,94,-24
urn:ngsi-ld:Animal:cow017,Animal,Milk,106,-23
urn:ngsi-ld:Animal:cow017,Animal,Milk,115,-22
urn:ngsi-ld:Animal:cow017,Animal,Hay,118,-21
urn:ngsi-ld:Animal:cow017,Animal,Oats,128,-20
urn:ngsi-ld:Animal:cow017,Animal,Hay,136,-19
urn:ngsi-ld:Animal:cow017,Animal,Hay,145,-18
urn:ngsi-ld:Animal:cow017,Animal,Grass,154,-17
urn:ngsi-ld:Animal:cow017,Animal,Grass,165,-16
urn:ngsi-ld:Animal:cow017,Animal,Grass,173,-15
urn:ngsi-ld:Animal:cow017,Animal,Grass,174,-14
urn:ngsi-ld:Animal:cow017,Animal,Grass,183,-13
urn:ngsi-ld:Animal:cow017,Animal,Grass,190,-12
urn:ngsi-ld:Animal:cow017,Animal,Grass,197,-11
urn:ngsi-ld:Animal:cow017,Animal,Hay,202,-10
urn:ngsi-ld:Animal:cow017,Animal,Hay,208,-9
urn:ngsi-ld:Animal:cow017,Animal,Oats,214,-8
urn:ngsi-ld:Animal:cow017,Animal,Hay,211,-7
urn:ngsi-ld:Animal:cow017,Animal,Hay,216,-6
urn:ngsi-ld:Animal:cow017,Animal,Grass,221,-5
urn:ngsi-ld:Animal:cow017,Animal,Grass,228,-4
urn:ngsi-ld:Animal:cow017,Animal,Grass,233,-3
urn:ngsi-ld:Animal:cow017,Animal,Grass,237,-2
urn:ngsi-ld:Animal:cow017,Animal,Grass,240,-1
urn:ngsi-ld:Animal:cow016,Animal,Grass,478,-24
urn:ngsi-ld:Animal:cow016,Animal,Grass,480,-23
urn:ngsi-ld:Animal:cow016,Animal,Hay,478,-22
urn:ngsi-ld:Animal:cow016,Animal,Hay,472,-21
urn:ngsi-ld:Animal:cow016,Animal,Oats,474,-20
urn:ngsi-ld:Animal:cow016,Animal,Hay,472,-19
urn:ngsi-ld:Animal:cow016,Animal,Hay,474,-18
urn:ngsi-ld:Animal:cow016,Animal,Grass,475,-17
urn:ngsi-ld:Animal:cow016,Animal,Grass,481,-16
urn:ngsi-ld:Animal:cow016,Animal,Grass,482,-15
urn:ngsi-ld:Animal:cow016,Animal,Grass,477,-14
urn:ngsi-ld:Animal:cow016,Animal,Grass,482,-13
urn:ngsi-ld:Animal:cow016,Animal,Grass,484,-12
urn:ngsi-ld:Animal:cow016,Animal,Grass,485,-11
urn:ngsi-ld:Animal:cow016,Animal,Hay,483,-10
urn:ngsi-ld:Animal:cow016,Animal,Hay,484,-9
urn:ngsi-ld:Animal:cow016,Animal,Oats,485,-8
urn:ngsi-ld:Animal:cow016,Animal,Hay,476,-7
urn:ngsi-ld:Animal:cow016,Animal,Hay,477,-6
urn:ngsi-ld:Animal:cow016,Animal,Grass,479,-5
urn:ngsi-ld:Animal:cow016,Animal,Grass,484,-4
urn:ngsi-ld:Animal:cow016,Animal,Grass,485,-3
urn:ngsi-ld:Animal:cow016,Animal,Grass,485,-2
urn:ngsi-ld:Animal:cow016,Animal,Grass,485,-1
urn:ngsi-ld:Animal:cow015,Animal,Grass,208,-24
urn:ngsi-ld:Animal:cow015,Animal,Grass,219,-23
urn:ngsi-ld:Animal:cow015,Animal,Hay,228,-22
urn:ngsi-ld:Animal:cow015,Animal,Hay,231,-21
urn:ngsi-ld:Animal:cow015,Animal,Oats,241,-20
urn:ngsi-ld:Animal:cow015,Animal,Hay,248,-19
urn:ngsi-ld:Animal:cow015,Animal,Hay,257,-18
urn:ngsi-ld:Animal:cow015,Animal,Grass,266,-17
urn:ngsi-ld:Animal:cow015,Animal,Grass,276,-16
urn:ngsi-ld:Animal:cow015,Animal,Grass,284,-15
urn:ngsi-ld:Animal:cow015,Animal,Grass,285,-14
urn:ngsi-ld:Animal:cow015,Animal,Grass,294,-13
urn:ngsi-ld:Animal:cow015,Animal,Grass,301,-12
urn:ngsi-ld:Animal:cow015,Animal,Grass,308,-11
urn:ngsi-ld:Animal:cow015,Animal,Hay,312,-10
urn:ngsi-ld:Animal:cow015,Animal,Hay,318,-9
urn:ngsi-ld:Animal:cow015,Animal,Oats,324,-8
urn:ngsi-ld:Animal:cow015,Animal,Hay,320,-7
urn:ngsi-ld:Animal:cow015,Animal,Hay,325,-6
urn:ngsi-ld:Animal:cow015,Animal,Grass,330,-5
urn:ngsi-ld:Animal:cow015,Animal,Grass,338,-4
urn:ngsi-ld:Animal:cow015,Animal,Grass,342,-3
urn:ngsi-ld:Animal:cow015,Animal,Grass,346,-2
urn:ngsi-ld:Animal:cow015,Animal,Grass,349,-1
urn:ngsi-ld:Animal:cow014,Animal,Grass,441,-24
urn:ngsi-ld:Animal:cow014,Animal,Grass,444,-23
urn:ngsi-ld:Animal:cow014,Animal,Hay,443,-22
urn:ngsi-ld:Animal:cow014,Animal,Hay,438,-21
urn:ngsi-ld:Animal:cow014,Animal,Oats,440,-20
urn:ngsi-ld:Animal:cow014,Animal,Hay,439,-19
urn:ngsi-ld:Animal:cow014,Animal,Hay,441,-18
urn:ngsi-ld:Animal:cow014,Animal,Grass,443,-17
urn:ngsi-ld:Animal:cow014,Animal,Grass,448,-16
urn:ngsi-ld:Animal:cow014,Animal,Grass,450,-15
urn:ngsi-ld:Animal:cow014,Animal,Grass,445,-14
urn:ngsi-ld:Animal:cow014,Animal,Grass,451,-13
urn:ngsi-ld:Animal:cow014,Animal,Grass,452,-12
urn:ngsi-ld:Animal:cow014,Animal,Grass,454,-11
urn:ngsi-ld:Animal:cow014,Animal,Hay,452,-10
urn:ngsi-ld:Animal:cow014,Animal,Hay,454,-9
urn:ngsi-ld:Animal:cow014,Animal,Oats,456,-8
urn:ngsi-ld:Animal:cow014,Animal,Hay,447,-7
urn:ngsi-ld:Animal:cow014,Animal,Hay,448,-6
urn:ngsi-ld:Animal:cow014,Animal,Grass,450,-5
urn:ngsi-ld:Animal:cow014,Animal,Grass,455,-4
urn:ngsi-ld:Animal:cow014,Animal,Grass,456,-3
urn:ngsi-ld:Animal:cow014,Animal,Grass,457,-2
urn:ngsi-ld:Animal:cow014,Animal,Grass,457,-1
urn:ngsi-ld:Animal:cow013,Animal,Grass,374,-24
urn:ngsi-ld:Animal:cow013,Animal,Grass,376,-23
urn:ngsi-ld:Animal:cow013,Animal,Hay,374,-22
urn:ngsi-ld:Animal:cow013,Animal,Oats,368,-21
urn:ngsi-ld:Animal:cow013,Animal,Oats,370,-20
urn:ngsi-ld:Animal:cow013,Animal,Hay,368,-19
urn:ngsi-ld:Animal:cow013,Animal,Oats,369,-18
urn:ngsi-ld:Animal:cow013,Animal,Grass,371,-17
urn:ngsi-ld:Animal:cow013,Animal,Grass,375,-16
urn:ngsi-ld:Animal:cow013,Animal,Grass,376,-15
urn:ngsi-ld:Animal:cow013,Animal,Grass,370,-14
urn:ngsi-ld:Animal:cow013,Animal,Grass,375,-13
urn:ngsi-ld:Animal:cow013,Animal,Grass,376,-12
urn:ngsi-ld:Animal:cow013,Animal,Grass,377,-11
urn:ngsi-ld:Animal:cow013,Animal,Hay,375,-10
urn:ngsi-ld:Animal:cow013,Animal,Oats,377,-9
urn:ngsi-ld:Animal:cow013,Animal,Oats,378,-8
urn:ngsi-ld:Animal:cow013,Animal,Hay,369,-7
urn:ngsi-ld:Animal:cow013,Animal,Oats,370,-6
urn:ngsi-ld:Animal:cow013,Animal,Grass,371,-5
urn:ngsi-ld:Animal:cow013,Animal,Grass,375,-4
urn:ngsi-ld:Animal:cow013,Animal,Grass,376,-3
urn:ngsi-ld:Animal:cow013,Animal,Grass,376,-2
urn:ngsi-ld:Animal:cow013,Animal,Grass,376,-1
urn:ngsi-ld:Animal:cow021,Animal,Grass,747,-24
urn:ngsi-ld:Animal:cow021,Animal,Grass,749,-23
urn:ngsi-ld:Animal:cow021,Animal,Hay,746,-22
urn:ngsi-ld:Animal:cow021,Animal,Hay,741,-21
urn:ngsi-ld:Animal:cow021,Animal,Oats,743,-20
urn:ngsi-ld:Animal:cow021,Animal,Hay,738,-19
urn:ngsi-ld:Animal:cow021,Animal,Hay,740,-18
urn:ngsi-ld:Animal:cow021,Animal,Grass,742,-17
urn:ngsi-ld:Animal:cow021,Animal,Grass,750,-16
urn:ngsi-ld:Animal:cow021,Animal,Grass,752,-15
urn:ngsi-ld:Animal:cow021,Animal,Grass,746,-14
urn:ngsi-ld:Animal:cow021,Animal,Grass,754,-13
urn:ngsi-ld:Animal:cow021,Animal,Grass,756,-12
urn:ngsi-ld:Animal:cow021,Animal,Grass,757,-11
urn:ngsi-ld:Animal:cow021,Animal,Hay,753,-10
urn:ngsi-ld:Animal:cow021,Animal,Hay,755,-9
urn:ngsi-ld:Animal:cow021,Animal,Oats,756,-8
urn:ngsi-ld:Animal:cow021,Animal,Hay,745,-7
urn:ngsi-ld:Animal:cow021,Animal,Hay,746,-6
urn:ngsi-ld:Animal:cow021,Animal,Grass,748,-5
urn:ngsi-ld:Animal:cow021,Animal,Grass,755,-4
urn:ngsi-ld:Animal:cow021,Animal,Grass,756,-3
urn:ngsi-ld:Animal:cow021,Animal,Grass,757,-2
urn:ngsi-ld:Animal:cow021,Animal,Grass,757,-1
urn:ngsi-ld:Animal:cow020,Animal,Grass,118,-24
urn:ngsi-ld:Animal:cow020,Animal,Grass,129,-23
urn:ngsi-ld:Animal:cow020,Animal,Hay,138,-22
urn:ngsi-ld:Animal:cow020,Animal,Hay,141,-21
urn:ngsi-ld:Animal:cow020,Animal,Oats,151,-20
urn:ngsi-ld:Animal:cow020,Animal,Hay,158,-19
urn:ngsi-ld:Animal:cow020,Animal,Hay,167,-18
urn:ngsi-ld:Animal:cow020,Animal,Grass,175,-17
urn:ngsi-ld:Animal:cow020,Animal,Grass,185,-16
urn:ngsi-ld:Animal:cow020,Animal,Grass,193,-15
urn:ngsi-ld:Animal:cow020,Animal,Grass,194,-14
urn:ngsi-ld:Animal:cow020,Animal,Grass,203,-13
urn:ngsi-ld:Animal:cow020,Animal,Grass,210,-12
urn:ngsi-ld:Animal:cow020,Animal,Grass,216,-11
urn:ngsi-ld:Animal:cow020,Animal,Hay,220,-10
urn:ngsi-ld:Animal:cow020,Animal,Hay,226,-9
urn:ngsi-ld:Animal:cow020,Animal,Oats,232,-8
urn:ngsi-ld:Animal:cow020,Animal,Hay,229,-7
urn:ngsi-ld:Animal:cow020,Animal,Hay,234,-6
urn:ngsi-ld:Animal:cow020,Animal,Grass,239,-5
urn:ngsi-ld:Animal:cow020,Animal,Grass,246,-4
urn:ngsi-ld:Animal:cow020,Animal,Grass,251,-3
urn:ngsi-ld:Animal:cow020,Animal,Grass,254,-2
urn:ngsi-ld:Animal:cow020,Animal,Grass,257,-1
urn:ngsi-ld:Animal:cow023,Animal,Milk,75,-24
urn:ngsi-ld:Animal:cow023,Animal,Milk,89,-23
urn:ngsi-ld:Animal:cow023,Animal,Milk,99,-22
urn:ngsi-ld:Animal:cow023,Animal,Hay,104,-21
urn:ngsi-ld:Animal:cow023,Animal,Oats,115,-20
urn:ngsi-ld:Animal:cow023,Animal,Hay,124,-19
urn:ngsi-ld:Animal:cow023,Animal,Hay,135,-18
urn:ngsi-ld:Animal:cow023,Animal,Grass,145,-17
urn:ngsi-ld:Animal:cow023,Animal,Grass,156,-16
urn:ngsi-ld:Animal:cow023,Animal,Grass,165,-15
urn:ngsi-ld:Animal:cow023,Animal,Grass,167,-14
urn:ngsi-ld:Animal:cow023,Animal,Grass,178,-13
urn:ngsi-ld:Animal:cow023,Animal,Grass,186,-12
urn:ngsi-ld:Animal:cow023,Animal,Grass,193,-11
urn:ngsi-ld:Animal:cow023,Animal,Hay,198,-10
urn:ngsi-ld:Animal:cow023,Animal,Hay,205,-9
urn:ngsi-ld:Animal:cow023,Animal,Oats,212,-8
urn:ngsi-ld:Animal:cow023,Animal,Hay,210,-7
urn:ngsi-ld:Animal:cow023,Animal,Hay,216,-6
urn:ngsi-ld:Animal:cow023,Animal,Grass,222,-5
urn:ngsi-ld:Animal:cow023,Animal,Grass,229,-4
urn:ngsi-ld:Animal:cow023,Animal,Grass,235,-3
urn:ngsi-ld:Animal:cow023,Animal,Grass,239,-2
urn:ngsi-ld:Animal:cow023,Animal,Grass,242,-1
urn:ngsi-ld:Animal:cow022,Animal,Grass,208,-24
urn:ngsi-ld:Animal:cow022,Animal,Grass,219,-23
urn:ngsi-ld:Animal:cow022,Animal,Hay,229,-22
urn:ngsi-ld:Animal:cow022,Animal,Hay,233,-21
urn:ngsi-ld:Animal:cow022,Animal,Oats,243,-20
urn:ngsi-ld:Animal:cow022,Animal,Hay,251,-19
urn:ngsi-ld:Animal:cow022,Animal,Hay,260,-18
urn:ngsi-ld:Animal:cow022,Animal,Grass,269,-17
urn:ngsi-ld:Animal:cow022,Animal,Grass,280,-16
urn:ngsi-ld:Animal:cow022,Animal,Grass,288,-15
urn:ngsi-ld:Animal:cow022,Animal,Grass,289,-14
urn:ngsi-ld:Animal:cow022,Animal,Grass,299,-13
urn:ngsi-ld:Animal:cow022,Animal,Grass,306,-12
urn:ngsi-ld:Animal:cow022,Animal,Grass,313,-11
urn:ngsi-ld:Animal:cow022,Animal,Hay,318,-10
urn:ngsi-ld:Animal:cow022,Animal,Hay,324,-9
urn:ngsi-ld:Animal:cow022,Animal,Oats,330,-8
urn:ngsi-ld:Animal:cow022,Animal,Hay,326,-7
urn:ngsi-ld:Animal:cow022,Animal,Hay,332,-6
urn:ngsi-ld:Animal:cow022,Animal,Grass,337,-5
urn:ngsi-ld:Animal:cow022,Animal,Grass,345,-4
urn:ngsi-ld:Animal:cow022,Animal,Grass,350,-3
urn:ngsi-ld:Animal:cow022,Animal,Grass,354,-2
urn:ngsi-ld:Animal:cow022,Animal,Grass,357,-1
urn:ngsi-ld:Animal:cow024,Animal,Milk,58,-24
urn:ngsi-ld:Animal:cow024,Animal,Milk,73,-23
urn:ngsi-ld:Animal:cow024,Animal,Milk,85,-22
urn:ngsi-ld:Animal:cow024,Animal,Milk,92,-21
urn:ngsi-ld:Animal:cow024,Animal,Oats,105,-20
urn:ngsi-ld:Animal:cow024,Animal,Hay,116,-19
urn:ngsi-ld:Animal:cow024,Animal,Hay,128,-18
urn:ngsi-ld:Animal:cow024,Animal,Grass,140,-17
urn:ngsi-ld:Animal:cow024,Animal,Grass,153,-16
urn:ngsi-ld:Animal:cow024,Animal,Grass,163,-15
urn:ngsi-ld:Animal:cow024,Animal,Grass,166,-14
urn:ngsi-ld:Animal:cow024,Animal,Grass,178,-13
urn:ngsi-ld:Animal:cow024,Animal,Grass,187,-12
urn:ngsi-ld:Animal:cow024,Animal,Grass,196,-11
urn:ngsi-ld:Animal:cow024,Animal,Hay,202,-10
urn:ngsi-ld:Animal:cow024,Animal,Hay,210,-9
urn:ngsi-ld:Animal:cow024,Animal,Oats,218,-8
urn:ngsi-ld:Animal:cow024,Animal,Hay,216,-7
urn:ngsi-ld:Animal:cow024,Animal,Hay,223,-6
urn:ngsi-ld:Animal:cow024,Animal,Grass,230,-5
urn:ngsi-ld:Animal:cow024,Animal,Grass,239,-4
urn:ngsi-ld:Animal:cow024,Animal,Grass,244,-3
urn:ngsi-ld:Animal:cow024,Animal,Grass,249,-2
urn:ngsi-ld:Animal:cow024,Animal,Grass,254,-1
urn:ngsi-ld:Animal:cow025,Animal,Grass,403,-24
urn:ngsi-ld:Animal:cow025,Animal,Grass,403,-23
urn:ngsi-ld:Animal:cow025,Animal,Hay,406,-22
urn:ngsi-ld:Animal:cow025,Animal,Oats,406,-21
urn:ngsi-ld:Animal:cow025,Animal,Oats,406,-20
urn:ngsi-ld:Animal:cow025,Animal,Hay,409,-19
urn:ngsi-ld:Animal:cow025,Animal,Oats,409,-18
urn:ngsi-ld:Animal:cow025,Animal,Grass,409,-17
urn:ngsi-ld:Animal:cow025,Animal,Grass,411,-16
urn:ngsi-ld:Animal:cow025,Animal,Grass,411,-15
urn:ngsi-ld:Animal:cow025,Animal,Grass,410,-14
urn:ngsi-ld:Animal:cow025,Animal,Grass,413,-13
urn:ngsi-ld:Animal:cow025,Animal,Grass,412,-12
urn:ngsi-ld:Animal:cow025,Animal,Grass,410,-11
urn:ngsi-ld:Animal:cow025,Animal,Hay,411,-10
urn:ngsi-ld:Animal:cow025,Animal,Oats,409,-9
urn:ngsi-ld:Animal:cow025,Animal,Oats,406,-8
urn:ngsi-ld:Animal:cow025,Animal,Hay,406,-7
urn:ngsi-ld:Animal:cow025,Animal,Oats,396,-6
urn:ngsi-ld:Animal:cow025,Animal,Grass,387,-5
urn:ngsi-ld:Animal:cow025,Animal,Grass,381,-4
urn:ngsi-ld:Animal:cow025,Animal,Grass,372,-3
urn:ngsi-ld:Animal:cow025,Animal,Grass,364,-2
urn:ngsi-ld:Animal:cow025,Animal,Grass,360,-1
urn:ngsi-ld:Animal:cow026,Animal,Grass,430,-24
urn:ngsi-ld:Animal:cow026,Animal,Grass,431,-23
urn:ngsi-ld:Animal:cow026,Animal,Hay,429,-22
urn:ngsi-ld:Animal:cow026,Animal,Hay,423,-21
urn:ngsi-ld:Animal:cow026,Animal,Oats,424,-20
urn:ngsi-ld:Animal:cow026,Animal,Hay,422,-19
urn:ngsi-ld:Animal:cow026,Animal,Hay,423,-18
urn:ngsi-ld:Animal:cow026,Animal,Grass,424,-17
urn:ngsi-ld:Animal:cow026,Animal,Grass,429,-16
urn:ngsi-ld:Animal:cow026,Animal,Grass,430,-15
urn:ngsi-ld:Animal:cow026,Animal,Grass,424,-14
urn:ngsi-ld:Animal:cow026,Animal,Grass,429,-13
urn:ngsi-ld:Animal:cow026,Animal,Grass,430,-12
urn:ngsi-ld:Animal:cow026,Animal,Grass,431,-11
urn:ngsi-ld:Animal:cow026,Animal,Hay,429,-10
urn:ngsi-ld:Animal:cow026,Animal,Hay,430,-9
urn:ngsi-ld:Animal:cow026,Animal,Oats,431,-8
urn:ngsi-ld:Animal:cow026,Animal,Hay,422,-7
urn:ngsi-ld:Animal:cow026,Animal,Hay,423,-6
urn:ngsi-ld:Animal:cow026,Animal,Grass,424,-5
urn:ngsi-ld:Animal:cow026,Animal,Grass,429,-4
urn:ngsi-ld:Animal:cow026,Animal,Grass,429,-3
urn:ngsi-ld:Animal:cow026,Animal,Grass,429,-2
urn:ngsi-ld:Animal:cow026,Animal,Grass,429,-1
urn:ngsi-ld:Animal:cow027,Animal,Grass,167,-24
urn:ngsi-ld:Animal:cow027,Animal,Grass,177,-23
urn:ngsi-ld:Animal:cow027,Animal,Hay,185,-22
urn:ngsi-ld:Animal:cow027,Animal,Hay,187,-21
urn:ngsi-ld:Animal:cow027,Animal,Oats,196,-20
urn:ngsi-ld:Animal:cow027,Animal,Hay,203,-19
urn:ngsi-ld:Animal:cow027,Animal,Hay,211,-18
urn:ngsi-ld:Animal:cow027,Animal,Grass,219,-17
urn:ngsi-ld:Animal:cow027,Animal,Grass,228,-16
urn:ngsi-ld:Animal:cow027,Animal,Grass,235,-15
urn:ngsi-ld:Animal:cow027,Animal,Grass,235,-14
urn:ngsi-ld:Animal:cow027,Animal,Grass,243,-13
urn:ngsi-ld:Animal:cow027,Animal,Grass,250,-12
urn:ngsi-ld:Animal:cow027,Animal,Grass,256,-11
urn:ngsi-ld:Animal:cow027,Animal,Hay,259,-10
urn:ngsi-ld:Animal:cow027,Animal,Hay,265,-9
urn:ngsi-ld:Animal:cow027,Animal,Oats,270,-8
urn:ngsi-ld:Animal:cow027,Animal,Hay,266,-7
urn:ngsi-ld:Animal:cow027,Animal,Hay,271,-6
urn:ngsi-ld:Animal:cow027,Animal,Grass,276,-5
urn:ngsi-ld:Animal:cow027,Animal,Grass,283,-4
urn:ngsi-ld:Animal:cow027,Animal,Grass,287,-3
urn:ngsi-ld:Animal:cow027,Animal,Grass,290,-2
urn:ngsi-ld:Animal:cow027,Animal,Grass,292,-1
urn:ngsi-ld:Animal:cow029,Animal,Grass,314,-24
urn:ngsi-ld:Animal:cow029,Animal,Grass,317,-23
urn:ngsi-ld:Animal:cow029,Animal,Hay,324,-22
urn:ngsi-ld:Animal:cow029,Animal,Hay,326,-21
urn:ngsi-ld:Animal:cow029,Animal,Oats,328,-20
urn:ngsi-ld:Animal:cow029,Animal,Hay,329,-19
urn:ngsi-ld:Animal:cow029,Animal,Hay,318,-18
urn:ngsi-ld:Animal:cow029,Animal,Grass,319,-17
urn:ngsi-ld:Animal:cow029,Animal,Grass,322,-16
urn:ngsi-ld:Animal:cow029,Animal,Grass,327,-15
urn:ngsi-ld:Animal:cow029,Animal,Grass,328,-14
urn:ngsi-ld:Animal:cow029,Animal,Grass,328,-13
urn:ngsi-ld:Animal:cow029,Animal,Grass,328,-12
urn:ngsi-ld:Animal:cow029,Animal,Grass,333,-11
urn:ngsi-ld:Animal:cow029,Animal,Hay,334,-10
urn:ngsi-ld:Animal:cow029,Animal,Hay,328,-9
urn:ngsi-ld:Animal:cow029,Animal,Oats,328,-8
urn:ngsi-ld:Animal:cow029,Animal,Hay,335,-7
urn:ngsi-ld:Animal:cow029,Animal,Hay,324,-6
urn:ngsi-ld:Animal:cow029,Animal,Grass,333,-5
urn:ngsi-ld:Animal:cow029,Animal,Grass,328,-4
urn:ngsi-ld:Animal:cow029,Animal,Grass,335,-3
urn:ngsi-ld:Animal:cow029,Animal,Grass,334,-2
urn:ngsi-ld:Animal:cow029,Animal,Grass,334,-1
urn:ngsi-ld:Animal:cow028,Animal,Grass,330,-24
urn:ngsi-ld:Animal:cow028,Animal,Grass,334,-23
urn:ngsi-ld:Animal:cow028,Animal,Hay,335,-22
urn:ngsi-ld:Animal:cow028,Animal,Hay,332,-21
urn:ngsi-ld:Animal:cow028,Animal,Oats,335,-20
urn:ngsi-ld:Animal:cow028,Animal,Hay,336,-19
urn:ngsi-ld:Animal:cow028,Animal,Hay,339,-18
urn:ngsi-ld:Animal:cow028,Animal,Grass,342,-17
urn:ngsi-ld:Animal:cow028,Animal,Grass,348,-16
urn:ngsi-ld:Animal:cow028,Animal,Grass,351,-15
urn:ngsi-ld:Animal:cow028,Animal,Grass,346,-14
urn:ngsi-ld:Animal:cow028,Animal,Grass,352,-13
urn:ngsi-ld:Animal:cow028,Animal,Grass,355,-12
urn:ngsi-ld:Animal:cow028,Animal,Grass,357,-11
urn:ngsi-ld:Animal:cow028,Animal,Hay,357,-10
urn:ngsi-ld:Animal:cow028,Animal,Hay,359,-9
urn:ngsi-ld:Animal:cow028,Animal,Oats,361,-8
urn:ngsi-ld:Animal:cow028,Animal,Hay,354,-7
urn:ngsi-ld:Animal:cow028,Animal,Hay,356,-6
urn:ngsi-ld:Animal:cow028,Animal,Grass,358,-5
urn:ngsi-ld:Animal:cow028,Animal,Grass,363,-4
urn:ngsi-ld:Animal:cow028,Animal,Grass,365,-3
urn:ngsi-ld:Animal:cow028,Animal,Grass,366,-2
urn:ngsi-ld:Animal:cow028,Animal,Grass,366,-1
urn:ngsi-ld:Animal:cow033,Animal,Grass,378,-24
urn:ngsi-ld:Animal:cow033,Animal,Grass,381,-23
urn:ngsi-ld:Animal:cow033,Animal,Hay,372,-22
urn:ngsi-ld:Animal:cow033,Animal,Hay,385,-21
urn:ngsi-ld:Animal:cow033,Animal,Oats,380,-20
urn:ngsi-ld:Animal:cow033,Animal,Hay,384,-19
urn:ngsi-ld:Animal:cow033,Animal,Hay,374,-18
urn:ngsi-ld:Animal:cow033,Animal,Grass,376,-17
urn:ngsi-ld:Animal:cow033,Animal,Grass,376,-16
urn:ngsi-ld:Animal:cow033,Animal,Grass,380,-15
urn:ngsi-ld:Animal:cow033,Animal,Grass,388,-14
urn:ngsi-ld:Animal:cow033,Animal,Grass,384,-13
urn:ngsi-ld:Animal:cow033,Animal,Grass,388,-12
urn:ngsi-ld:Animal:cow033,Animal,Grass,386,-11
urn:ngsi-ld:Animal:cow033,Animal,Hay,378,-10
urn:ngsi-ld:Animal:cow033,Animal,Hay,384,-9
urn:ngsi-ld:Animal:cow033,Animal,Oats,388,-8
urn:ngsi-ld:Animal:cow033,Animal,Hay,386,-7
urn:ngsi-ld:Animal:cow033,Animal,Hay,384,-6
urn:ngsi-ld:Animal:cow033,Animal,Grass,384,-5
urn:ngsi-ld:Animal:cow033,Animal,Grass,390,-4
urn:ngsi-ld:Animal:cow033,Animal,Grass,390,-3
urn:ngsi-ld:Animal:cow033,Animal,Grass,388,-2
urn:ngsi-ld:Animal:cow033,Animal,Grass,390,-1
urn:ngsi-ld:Animal:cow031,Animal,Grass,432,-24
urn:ngsi-ld:Animal:cow031,Animal,Grass,438,-23
urn:ngsi-ld:Animal:cow031,Animal,Hay,437,-22
urn:ngsi-ld:Animal:cow031,Animal,Oats,431,-21
urn:ngsi-ld:Animal:cow031,Animal,Oats,430,-20
urn:ngsi-ld:Animal:cow031,Animal,Hay,429,-19
urn:ngsi-ld:Animal:cow031,Animal,Oats,438,-18
urn:ngsi-ld:Animal:cow031,Animal,Grass,434,-17
urn:ngsi-ld:Animal:cow031,Animal,Grass,431,-16
urn:ngsi-ld:Animal:cow031,Animal,Grass,440,-15
urn:ngsi-ld:Animal:cow031,Animal,Grass,436,-14
urn:ngsi-ld:Animal:cow031,Animal,Grass,439,-13
urn:ngsi-ld:Animal:cow031,Animal,Grass,438,-12
urn:ngsi-ld:Animal:cow031,Animal,Grass,435,-11
urn:ngsi-ld:Animal:cow031,Animal,Hay,440,-10
urn:ngsi-ld:Animal:cow031,Animal,Oats,438,-9
urn:ngsi-ld:Animal:cow031,Animal,Oats,440,-8
urn:ngsi-ld:Animal:cow031,Animal,Hay,447,-7
urn:ngsi-ld:Animal:cow031,Animal,Oats,448,-6
urn:ngsi-ld:Animal:cow031,Animal,Grass,440,-5
urn:ngsi-ld:Animal:cow031,Animal,Grass,438,-4
urn:ngsi-ld:Animal:cow031,Animal,Grass,447,-3
urn:ngsi-ld:Animal:cow031,Animal,Grass,441,-2
urn:ngsi-ld:Animal:cow031,Animal,Grass,448,-1
urn:ngsi-ld:Animal:cow030,Animal,Grass,380,-24
urn:ngsi-ld:Animal:cow030,Animal,Grass,382,-23
urn:ngsi-ld:Animal:cow030,Animal,Hay,380,-22
urn:ngsi-ld:Animal:cow030,Animal,Hay,374,-21
urn:ngsi-ld:Animal:cow030,Animal,Oats,376,-20
urn:ngsi-ld:Animal:cow030,Animal,Hay,374,-19
urn:ngsi-ld:Animal:cow030,Animal,Hay,376,-18
urn:ngsi-ld:Animal:cow030,Animal,Grass,377,-17
urn:ngsi-ld:Animal:cow030,Animal,Grass,381,-16
urn:ngsi-ld:Animal:cow030,Animal,Grass,383,-15
urn:ngsi-ld:Animal:cow030,Animal,Grass,377,-14
urn:ngsi-ld:Animal:cow030,Animal,Grass,381,-13
urn:ngsi-ld:Animal:cow030,Animal,Grass,383,-12
urn:ngsi-ld:Animal:cow030,Animal,Grass,384,-11
urn:ngsi-ld:Animal:cow030,Animal,Hay,382,-10
urn:ngsi-ld:Animal:cow030,Animal,Hay,383,-9
urn:ngsi-ld:Animal:cow030,Animal,Oats,385,-8
urn:ngsi-ld:Animal:cow030,Animal,Hay,376,-7
urn:ngsi-ld:Animal:cow030,Animal,Hay,377,-6
urn:ngsi-ld:Animal:cow030,Animal,Grass,378,-5
urn:ngsi-ld:Animal:cow030,Animal,Grass,382,-4
urn:ngsi-ld:Animal:cow030,Animal,Grass,383,-3
urn:ngsi-ld:Animal:cow030,Animal,Grass,383,-2
urn:ngsi-ld:Animal:cow030,Animal,Grass,383,-1
urn:ngsi-ld:Animal:cow037,Animal,Grass,380,-24
urn:ngsi-ld:Animal:cow037,Animal,Grass,382,-23
urn:ngsi-ld:Animal:cow037,Animal,Hay,374,-22
urn:ngsi-ld:Animal:cow037,Animal,Oats,381,-21
urn:ngsi-ld:Animal:cow037,Animal,Oats,378,-20
urn:ngsi-ld:Animal:cow037,Animal,Hay,384,-19
urn:ngsi-ld:Animal:cow037,Animal,Oats,388,-18
urn:ngsi-ld:Animal:cow037,Animal,Grass,382,-17
urn:ngsi-ld:Animal:cow037,Animal,Grass,380,-16
urn:ngsi-ld:Animal:cow037,Animal,Grass,388,-15
urn:ngsi-ld:Animal:cow037,Animal,Grass,386,-14
urn:ngsi-ld:Animal:cow037,Animal,Grass,390,-13
urn:ngsi-ld:Animal:cow037,Animal,Grass,382,-12
urn:ngsi-ld:Animal:cow037,Animal,Grass,388,-11
urn:ngsi-ld:Animal:cow037,Animal,Hay,380,-10
urn:ngsi-ld:Animal:cow037,Animal,Oats,390,-9
urn:ngsi-ld:Animal:cow037,Animal,Oats,384,-8
urn:ngsi-ld:Animal:cow037,Animal,Hay,387,-7
urn:ngsi-ld:Animal:cow037,Animal,Oats,388,-6
urn:ngsi-ld:Animal:cow037,Animal,Grass,386,-5
urn:ngsi-ld:Animal:cow037,Animal,Grass,392,-4
urn:ngsi-ld:Animal:cow037,Animal,Grass,391,-3
urn:ngsi-ld:Animal:cow037,Animal,Grass,386,-2
urn:ngsi-ld:Animal:cow037,Animal,Grass,391,-1
urn:ngsi-ld:Animal:cow036,Animal,Grass,395,-24
urn:ngsi-ld:Animal:cow036,Animal,Grass,397,-23
urn:ngsi-ld:Animal:cow036,Animal,Hay,396,-22
urn:ngsi-ld:Animal:cow036,Animal,Hay,390,-21
urn:ngsi-ld:Animal:cow036,Animal,Oats,392,-20
urn:ngsi-ld:Animal:cow036,Animal,Hay,390,-19
urn:ngsi-ld:Animal:cow036,Animal,Hay,392,-18
urn:ngsi-ld:Animal:cow036,Animal,Grass,393,-17
urn:ngsi-ld:Animal:cow036,Animal,Grass,398,-16
urn:ngsi-ld:Animal:cow036,Animal,Grass,399,-15
urn:ngsi-ld:Animal:cow036,Animal,Grass,394,-14
urn:ngsi-ld:Animal:cow036,Animal,Grass,398,-13
urn:ngsi-ld:Animal:cow036,Animal,Grass,400,-12
urn:ngsi-ld:Animal:cow036,Animal,Grass,401,-11
urn:ngsi-ld:Animal:cow036,Animal,Hay,399,-10
urn:ngsi-ld:Animal:cow036,Animal,Hay,401,-9
urn:ngsi-ld:Animal:cow036,Animal,Oats,402,-8
urn:ngsi-ld:Animal:cow036,Animal,Hay,393,-7
urn:ngsi-ld:Animal:cow036,Animal,Hay,394,-6
urn:ngsi-ld:Animal:cow036,Animal,Grass,396,-5
urn:ngsi-ld:Animal:cow036,Animal,Grass,400,-4
urn:ngsi-ld:Animal:cow036,Animal,Grass,401,-3
urn:ngsi-ld:Animal:cow036,Animal,Grass,401,-2
urn:ngsi-ld:Animal:cow036,Animal,Grass,401,-1
urn:ngsi-ld:Animal:cow035,Animal,Grass,367,-24
urn:ngsi-ld:Animal:cow035,Animal,Grass,371,-23
urn:ngsi-ld:Animal:cow035,Animal,Hay,372,-22
urn:ngsi-ld:Animal:cow035,Animal,Hay,368,-21
urn:ngsi-ld:Animal:cow035,Animal,Oats,372,-20
urn:ngsi-ld:Animal:cow035,Animal,Hay,372,-19
urn:ngsi-ld:Animal:cow035,Animal,Hay,375,-18
urn:ngsi-ld:Animal:cow035,Animal,Grass,378,-17
urn:ngsi-ld:Animal:cow035,Animal,Grass,384,-16
urn:ngsi-ld:Animal:cow035,Animal,Grass,387,-15
urn:ngsi-ld:Animal:cow035,Animal,Grass,383,-14
urn:ngsi-ld:Animal:cow035,Animal,Grass,389,-13
urn:ngsi-ld:Animal:cow035,Animal,Grass,392,-12
urn:ngsi-ld:Animal:cow035,Animal,Grass,394,-11
urn:ngsi-ld:Animal:cow035,Animal,Hay,394,-10
urn:ngsi-ld:Animal:cow035,Animal,Hay,396,-9
urn:ngsi-ld:Animal:cow035,Animal,Oats,398,-8
urn:ngsi-ld:Animal:cow035,Animal,Hay,390,-7
urn:ngsi-ld:Animal:cow035,Animal,Hay,393,-6
urn:ngsi-ld:Animal:cow035,Animal,Grass,395,-5
urn:ngsi-ld:Animal:cow035,Animal,Grass,400,-4
urn:ngsi-ld:Animal:cow035,Animal,Grass,402,-3
urn:ngsi-ld:Animal:cow035,Animal,Grass,403,-2
urn:ngsi-ld:Animal:cow035,Animal,Grass,403,-1
urn:ngsi-ld:Animal:cow034,Animal,Milk,94,-24
urn:ngsi-ld:Animal:cow034,Animal,Milk,106,-23
urn:ngsi-ld:Animal:cow034,Animal,Milk,115,-22
urn:ngsi-ld:Animal:cow034,Animal,Hay,119,-21
urn:ngsi-ld:Animal:cow034,Animal,Oats,130,-20
urn:ngsi-ld:Animal:cow034,Animal,Hay,137,-19
urn:ngsi-ld:Animal:cow034,Animal,Hay,147,-18
urn:ngsi-ld:Animal:cow034,Animal,Grass,156,-17
urn:ngsi-ld:Animal:cow034,Animal,Grass,167,-16
urn:ngsi-ld:Animal:cow034,Animal,Grass,175,-15
urn:ngsi-ld:Animal:cow034,Animal,Grass,176,-14
urn:ngsi-ld:Animal:cow034,Animal,Grass,186,-13
urn:ngsi-ld:Animal:cow034,Animal,Grass,193,-12
urn:ngsi-ld:Animal:cow034,Animal,Grass,200,-11
urn:ngsi-ld:Animal:cow034,Animal,Hay,204,-10
urn:ngsi-ld:Animal:cow034,Animal,Hay,211,-9
urn:ngsi-ld:Animal:cow034,Animal,Oats,217,-8
urn:ngsi-ld:Animal:cow034,Animal,Hay,214,-7
urn:ngsi-ld:Animal:cow034,Animal,Hay,220,-6
urn:ngsi-ld:Animal:cow034,Animal,Grass,225,-5
urn:ngsi-ld:Animal:cow034,Animal,Grass,232,-4
urn:ngsi-ld:Animal:cow034,Animal,Grass,237,-3
urn:ngsi-ld:Animal:cow034,Animal,Grass,241,-2
urn:ngsi-ld:Animal:cow034,Animal,Grass,244,-1
urn:ngsi-ld:Animal:cow032,Animal,Grass,378,-24
urn:ngsi-ld:Animal:cow032,Animal,Grass,382,-23
urn:ngsi-ld:Animal:cow032,Animal,Hay,382,-22
urn:ngsi-ld:Animal:cow032,Animal,Hay,379,-21
urn:ngsi-ld:Animal:cow032,Animal,Oats,382,-20
urn:ngsi-ld:Animal:cow032,Animal,Hay,382,-19
urn:ngsi-ld:Animal:cow032,Animal,Hay,385,-18
urn:ngsi-ld:Animal:cow032,Animal,Grass,388,-17
urn:ngsi-ld:Animal:cow032,Animal,Grass,394,-16
urn:ngsi-ld:Animal:cow032,Animal,Grass,396,-15
urn:ngsi-ld:Animal:cow032,Animal,Grass,392,-14
urn:ngsi-ld:Animal:cow032,Animal,Grass,398,-13
urn:ngsi-ld:Animal:cow032,Animal,Grass,400,-12
urn:ngsi-ld:Animal:cow032,Animal,Grass,403,-11
urn:ngsi-ld:Animal:cow032,Animal,Hay,402,-10
urn:ngsi-ld:Animal:cow032,Animal,Hay,404,-9
urn:ngsi-ld:Animal:cow032,Animal,Oats,406,-8
urn:ngsi-ld:Animal:cow032,Animal,Hay,398,-7
urn:ngsi-ld:Animal:cow032,Animal,Hay,400,-6
urn:ngsi-ld:Animal:cow032,Animal,Grass,402,-5
urn:ngsi-ld:Animal:cow032,Animal,Grass,408,-4
urn:ngsi-ld:Animal:cow032,Animal,Grass,409,-3
urn:ngsi-ld:Animal:cow032,Animal,Grass,410,-2
urn:ngsi-ld:Animal:cow032,Animal,Grass,410,-1
urn:ngsi-ld:Animal:cow038,Animal,Grass,447,-24
urn:ngsi-ld:Animal:cow038,Animal,Grass,449,-23
urn:ngsi-ld:Animal:cow038,Animal,Hay,447,-22
urn:ngsi-ld:Animal:cow038,Animal,Hay,442,-21
urn:ngsi-ld:Animal:cow038,Animal,Oats,443,-20
urn:ngsi-ld:Animal:cow038,Animal,Hay,441,-19
urn:ngsi-ld:Animal:cow038,Animal,Hay,443,-18
urn:ngsi-ld:Animal:cow038,Animal,Grass,445,-17
urn:ngsi-ld:Animal:cow038,Animal,Grass,450,-16
urn:ngsi-ld:Animal:cow038,Animal,Grass,451,-15
urn:ngsi-ld:Animal:cow038,Animal,Grass,446,-14
urn:ngsi-ld:Animal:cow038,Animal,Grass,451,-13
urn:ngsi-ld:Animal:cow038,Animal,Grass,452,-12
urn:ngsi-ld:Animal:cow038,Animal,Grass,453,-11
urn:ngsi-ld:Animal:cow038,Animal,Hay,451,-10
urn:ngsi-ld:Animal:cow038,Animal,Hay,452,-9
urn:ngsi-ld:Animal:cow038,Animal,Oats,454,-8
urn:ngsi-ld:Animal:cow038,Animal,Hay,445,-7
urn:ngsi-ld:Animal:cow038,Animal,Hay,446,-6
urn:ngsi-ld:Animal:cow038,Animal,Grass,447,-5
urn:ngsi-ld:Animal:cow038,Animal,Grass,452,-4
urn:ngsi-ld:Animal:cow038,Animal,Grass,453,-3
urn:ngsi-ld:Animal:cow038,Animal,Grass,453,-2
urn:ngsi-ld:Animal:cow038,Animal,Grass,453,-1
urn:ngsi-ld:Animal:cow039,Animal,Grass,375,-24
urn:ngsi-ld:Animal:cow039,Animal,Grass,376,-23
urn:ngsi-ld:Animal:cow039,Animal,Hay,375,-22
urn:ngsi-ld:Animal:cow039,Animal,Hay,370,-21
urn:ngsi-ld:Animal:cow039,Animal,Oats,371,-20
urn:ngsi-ld:Animal:cow039,Animal,Hay,370,-19
urn:ngsi-ld:Animal:cow039,Animal,Hay,371,-18
urn:ngsi-ld:Animal:cow039,Animal,Grass,373,-17
urn:ngsi-ld:Animal:cow039,Animal,Grass,377,-16
urn:ngsi-ld:Animal:cow039,Animal,Grass,379,-15
urn:ngsi-ld:Animal:cow039,Animal,Grass,373,-14
urn:ngsi-ld:Animal:cow039,Animal,Grass,377,-13
urn:ngsi-ld:Animal:cow039,Animal,Grass,379,-12
urn:ngsi-ld:Animal:cow039,Animal,Grass,380,-11
urn:ngsi-ld:Animal:cow039,Animal,Hay,378,-10
urn:ngsi-ld:Animal:cow039,Animal,Hay,380,-9
urn:ngsi-ld:Animal:cow039,Animal,Oats,381,-8
urn:ngsi-ld:Animal:cow039,Animal,Hay,372,-7
urn:ngsi-ld:Animal:cow039,Animal,Hay,374,-6
urn:ngsi-ld:Animal:cow039,Animal,Grass,375,-5
urn:ngsi-ld:Animal:cow039,Animal,Grass,379,-4
urn:ngsi-ld:Animal:cow039,Animal,Grass,380,-3
urn:ngsi-ld:Animal:cow039,Animal,Grass,380,-2
urn:ngsi-ld:Animal:cow039,Animal,Grass,380,-1
urn:ngsi-ld:Animal:cow040,Animal,Grass,131,-24
urn:ngsi-ld:Animal:cow040,Animal,Grass,146,-23
urn:ngsi-ld:Animal:cow040,Animal,Hay,159,-22
urn:ngsi-ld:Animal:cow040,Animal,Hay,165,-21
urn:ngsi-ld:Animal:cow040,Animal,Oats,178,-20
urn:ngsi-ld:Animal:cow040,Animal,Hay,189,-19
urn:ngsi-ld:Animal:cow040,Animal,Hay,200,-18
urn:ngsi-ld:Animal:cow040,Animal,Grass,212,-17
urn:ngsi-ld:Animal:cow040,Animal,Grass,225,-16
urn:ngsi-ld:Animal:cow040,Animal,Grass,235,-15
urn:ngsi-ld:Animal:cow040,Animal,Grass,238,-14
urn:ngsi-ld:Animal:cow040,Animal,Grass,249,-13
urn:ngsi-ld:Animal:cow040,Animal,Grass,258,-12
urn:ngsi-ld:Animal:cow040,Animal,Grass,267,-11
urn:ngsi-ld:Animal:cow040,Animal,Hay,273,-10
urn:ngsi-ld:Animal:cow040,Animal,Hay,281,-9
urn:ngsi-ld:Animal:cow040,Animal,Oats,289,-8
urn:ngsi-ld:Animal:cow040,Animal,Hay,286,-7
urn:ngsi-ld:Animal:cow040,Animal,Hay,293,-6
urn:ngsi-ld:Animal:cow040,Animal,Grass,300,-5
urn:ngsi-ld:Animal:cow040,Animal,Grass,309,-4
urn:ngsi-ld:Animal:cow040,Animal,Grass,315,-3
urn:ngsi-ld:Animal:cow040,Animal,Grass,320,-2
urn:ngsi-ld:Animal:cow040,Animal,Grass,324,-1
urn:ngsi-ld:Animal:cow101,Animal,Milk,40,-16
urn:ngsi-ld:Animal:cow101,Animal,Milk,48,-15
urn:ngsi-ld:Animal:cow101,Animal,Milk,53,-14
urn:ngsi-ld:Animal:cow101,Animal,Milk,57,-13
urn:ngsi-ld:Animal:cow101,Animal,Milk,61,-12
urn:ngsi-ld:Animal:cow101,Animal,Milk,68,-11
urn:ngsi-ld:Animal:cow101,Animal,Hay,73,-10
urn:ngsi-ld:Animal:cow101,Animal,Hay,75,-9
urn:ngsi-ld:Animal:cow101,Animal,Oats,84,-8
urn:ngsi-ld:Animal:cow101,Animal,Hay,90,-7
urn:ngsi-ld:Animal:cow101,Animal,Hay,95,-6
urn:ngsi-ld:Animal:cow101,Animal,Grass,96,-5
urn:ngsi-ld:Animal:cow101,Animal,Grass,104,-4
urn:ngsi-ld:Animal:cow101,Animal,Grass,107,-3
urn:ngsi-ld:Animal:cow101,Animal,Grass,113,-2
urn:ngsi-ld:Animal:cow101,Animal,Grass,120,-1
urn:ngsi-ld:Animal:cow102,Animal,Milk,37,-16
urn:ngsi-ld:Animal:cow102,Animal,Milk,44,-15
urn:ngsi-ld:Animal:cow102,Animal,Milk,46,-14
urn:ngsi-ld:Animal:cow102,Animal,Milk,53,-13
urn:ngsi-ld:Animal:cow102,Animal,Milk,57,-12
urn:ngsi-ld:Animal:cow102,Animal,Milk,58,-11
urn:ngsi-ld:Animal:cow102,Animal,Hay,62,-10
urn:ngsi-ld:Animal:cow102,Animal,Hay,66,-9
urn:ngsi-ld:Animal:cow102,Animal,Oats,73,-8
urn:ngsi-ld:Animal:cow102,Animal,Hay,75,-7
urn:ngsi-ld:Animal:cow102,Animal,Hay,79,-6
urn:ngsi-ld:Animal:cow102,Animal,Grass,85,-5
urn:ngsi-ld:Animal:cow102,Animal,Grass,92,-4
urn:ngsi-ld:Animal:cow102,Animal,Grass,94,-3
urn:ngsi-ld:Animal:cow102,Animal,Grass,101,-2
urn:ngsi-ld:Animal:cow102,Animal,Grass,103,-1
